BGR710	00BGR710GRY
BG700	00BG7000GRY
BG707	00BG7070BLK
G3038	00G30380GRN
G3141	00G31410BLU
	00G31410GRN
	00G31410ORG
	00G31410RED
G3385	00G33850ORG
BG100	00BG1000BLU
	00BG1000RED
BG117	00BG1170BLK
	00BG1170GRY
	ZZBG1170GRY
BG120	00BG1200NVY
BG122	00BG1220BLK
	00BG1220TAU
BG123	00BG1230BKC
BGR101	00BGR101BLK
BGR102	00BGR102BLK
BGR104	00BGR104RED
BGR122	00BGR122GRY
BGR123	00BGR123BLK
	00BGR123GRY
	00BGR123NAT
	00BGR123OGN
BGR124	00BGR124AST
EC121	00EC1210GRN
EC122	00EC1220BLK
08EC132	08EC1320BLK
	08EC1320BRN
EC1321	00EC1321NAT
SH101	00SH1010BLK
SH103	00SH1030BRN
SH107	00SH1070BLK
SH108	00SH1080BLK
	00SH1080BRN
SH109	00SH1090BLK
	00SH1090BRN
SH111	00SH1110BLK
	00SH1110BRN
SH113	00SH1130BRN
SH115	00SH1150BLK
	00SH1150BLU
	00SH1150GRN
	00SH1150RED
	00SH1150SLV
BG300	00BG3000BLK
BG303	00BG3030BLK
ST154	00ST1540BLK
ST158	00ST1580BLK
	00ST1580NVY
	00ST1580RED
	00ST1580WHT
BG110	00BG1100BLK
EC301	00EC3010WHT
EC3195	00EC3195NAT
EC3197	00EC3197NAT
BG209	00BG2090GRY
BG211	00BG2110BKC
BGR200	00BGR200KHA
BGR210	00BGR210GRY
DW6003	00DW6003COF
SPORA	8823SPORAVIP
SPSK	8823SPSKORA
DW201	00DW2010BLK
	00DW2010BLU
	00DW2010GRN
	00DW2010RED
	00DW2010WHT
DW502	00DW5020BLK
	00DW5020GRY
	00DW5020WHT
HW103	00HW1030BLK
	00HW1030BLU
	00HW1030GRN
	00HW1030RED
08HW108	08HW1080RED
EC913	00EC9130BLK
HW902	00HW9020GRY
HW903	00HW9030GMT
HW912	00HW9120WHT
I149	00I14900YEL
EC3011	00EC3011BLU
	00EC3011GRY
	00EC3011NAT
	00EC3011WAL
ST4167	00ST4167BLK
	00ST4167BLU
	00ST4167WHT
ST4370	00ST4370RED
ST478	00ST4780BLU
G8013	00G80130BLK
	00G80130RED
G8015	00G80150BLU
	00G80150PNK
	00G80150RED
G8045	00G80450BLK
	00G80450BRN
	00G80450GRY
G8117	00G81170CHR
G523	00G52300GRY
	00G52300NVY
G532	00G53200BLU
	00G53200GRN
	00G53200ORG
	00G53200RED
88POLYEASEL	88POLYEASEL
BG404	00BG4040BKC
BGR400	00BGR400NVY
HW116	00HW1160BLK
	00HW1160BLU
SH301	00SH3010BLK
	00SH3010BRN
SH302	00SH3020BLK
	00SH3020BRN
ST605	00ST6050BLK
USPENCILS	00USPENCILS
DW100	00DW1000BLK
	00DW1000BLU
	00DW1000GRN
	00DW1000ORG
	00DW1000RED
	00DW1000SLV
DW103	00DW1030ORG
G1289	00G12890BLU
	00G12890GRN
	00G12890ORG
	00G12890SND
EC150	00EC1500NAT
T1021	XXT10210BLK
T1029	00T1029BKGY
T1037	XXT10370BLK
T1038	00T10380BLK
	00T10380CHL
	00T10380WHT
T1045	00T10450BLK
T112	00T11200BLK
	00T11200BRN
T127	00T12700BLK
T130	00T13000BLK
T145	00T14500BLK
	00T14500BRN
T905	00T90500BRN
EC148	00EC1480NAT
EC149	00EC1490NAT
T200	00T20000BLK
T223	00T22300CLR
T230	00T23000BLK
	00T23000BLU
	00T23000GMT
	00T23000SLV
	00T23000WHT
T236	00T23600BLK
	00T23600BLU
	00T23600RED
	00T23600SLV
T237	00T23700BLK
	00T23700SLV
T256	00T25600SLV
T270	00T27000BLU
	00T27000SLV
T307	00T30700BLK
	00T30700WHT
T310	00T31000BLK
08DW322	08DW3220BLK
	08DW3220WHT
DW304	00DW3040BLU
	00DW3040RED
DW306	00DW306CHCR
	00DW306WHRG
DW307	00DW3070BLK
	00DW3070GMT
	00DW3070RGD
	00DW3070WHT
DW308	00DW3080BLK
	00DW3080BLU
	00DW3080RED
	00DW3080SST
	00DW3080WHT
DW310	00DW3100GRN
	00DW3100ORG
	00DW3100RED
DW313	00DW3130SLV
DW314	00DW3140SLV
	00DW3140WHP
DW320	00DW3200NVY
DW321	00DW3210BLK
	00DW3210GRN
	00DW3210GRY
	00DW3210WHT
DW324	00DW3240BLK
	00DW3240NVY
	00DW3240RED
	00DW3240WHT
08DW400	08DW4000BLK
	08DW4000WHT
DW403	00DW4030RGD
	00DW4030SLV
DW404	00DW4040NAT
DW413	00DW413BKGD
	00DW413WHRG
DW406	00DW4060RGD
DW409	00DW4090GRN
	00DW4090ORG
	00DW4090YEL
DW411	00DW4110GRY
	00DW4110NVY
DW415	00DW4150GRN
	00DW4150GRY
DW300	00DW3000SST
DW301	00DW3010BLK
	00DW3010SST
	00DW3010WHT
DW312	00DW3120GLD
	00DW3120SLV
DW402	00DW4020RGD
	00DW4020SLV
DW410	00DW4100NAT
DW412	00DW412BKGD
	00DW412WHRG
DW417	00DW4170BLK
	00DW4170NVY
	00DW4170RED
	00DW4170WHT
I136	00I13600WHT
I139	00I13900BLK
	00I13900SLV
	00I13900WHT
BG500	00BG5000BLK
BG503	00BG5030GRY